{
    "accuracy": 0.7290286975717439,
    "precision": 0.30902956481958027,
    "recall": 0.7644645635874947,
    "f1": 0.44013683010262256,
    "auc": 0.8207130448928022,
    "best_params": {
        "clf__n_estimators": 100,
        "clf__min_samples_split": 2,
        "clf__min_samples_leaf": 4,
        "clf__max_depth": 10
    }
}